ticket_id,created_date,resolved_date,priority,category,channel,team,status,escalated,customer_satisfaction,customer_message
TKT-0001,2026-02-25 14:09:00,2026-02-27 07:09:00,Medium,Billing,Email,Team A,Resolved,0,4,Customer is waiting for urgent resolution and needs clear next steps.
TKT-0002,2026-01-16 00:27:00,2026-01-16 21:27:00,Medium,Login Issue,Email,Specialist Team,Closed,0,5,User cannot access account and has contacted support multiple times.
TKT-0003,2026-01-11 21:36:00,,Medium,Billing,Chat,Team A,Open,1,3,Policy related question needs accurate guidance from knowledge base.
TKT-0004,2026-01-21 10:36:00,2026-01-23 16:36:00,Medium,Policy Question,Chat,Team A,Resolved,0,3,Customer is waiting for urgent resolution and needs clear next steps.
TKT-0005,2026-01-11 12:39:00,2026-01-13 23:39:00,Low,Payment,Web Form,Team C,Resolved,0,4,User cannot access account and has contacted support multiple times.
TKT-0006,2026-02-01 00:44:00,2026-02-02 05:44:00,High,Billing,Phone,Specialist Team,Closed,1,3,Customer is waiting for urgent resolution and needs clear next steps.
TKT-0007,2026-03-29 16:26:00,2026-04-01 08:26:00,Low,Ad Review,Chat,Specialist Team,Resolved,0,3,Policy related question needs accurate guidance from knowledge base.
TKT-0008,2026-02-23 21:21:00,2026-02-24 19:21:00,Medium,Account Access,Web Form,Specialist Team,Closed,0,5,Campaign delivery problem needs technical validation.
TKT-0009,2026-01-12 10:03:00,,High,Ad Review,Web Form,Team C,Open,1,3,Billing issue requires review and possible refund investigation.
TKT-0010,2026-01-30 00:39:00,2026-01-31 14:39:00,Low,Billing,Chat,Team C,Closed,0,5,Campaign delivery problem needs technical validation.
TKT-0011,2026-03-27 01:05:00,,Low,Technical Bug,Phone,Team B,Open,1,3,Billing issue requires review and possible refund investigation.
TKT-0012,2026-03-07 06:14:00,2026-03-09 02:14:00,Low,Login Issue,Chat,Team B,Resolved,0,4,User cannot access account and has contacted support multiple times.
TKT-0013,2026-02-15 04:18:00,2026-02-17 02:18:00,Low,Technical Bug,Phone,Team C,Closed,0,4,Policy related question needs accurate guidance from knowledge base.
TKT-0014,2026-01-10 13:29:00,2026-01-11 22:29:00,High,Policy Question,Web Form,Specialist Team,Resolved,1,3,Customer is waiting for urgent resolution and needs clear next steps.
TKT-0015,2026-02-02 20:04:00,2026-02-04 03:04:00,Critical,Technical Bug,Chat,Team A,Resolved,1,2,User cannot access account and has contacted support multiple times.
TKT-0016,2026-01-18 15:23:00,2026-01-19 18:23:00,Medium,Billing,Chat,Specialist Team,Resolved,0,3,Billing issue requires review and possible refund investigation.
TKT-0017,2026-03-23 06:07:00,2026-03-26 02:07:00,Low,Technical Bug,Web Form,Specialist Team,Resolved,1,2,Billing issue requires review and possible refund investigation.
TKT-0018,2026-02-15 12:30:00,2026-02-17 05:30:00,High,Login Issue,Email,Team B,Resolved,0,3,Billing issue requires review and possible refund investigation.
TKT-0019,2026-01-16 20:44:00,2026-01-18 02:44:00,High,Account Access,Phone,Team B,Closed,1,2,Billing issue requires review and possible refund investigation.
TKT-0020,2026-02-08 09:39:00,2026-02-09 18:39:00,High,Policy Question,Chat,Team B,Closed,1,2,Campaign delivery problem needs technical validation.
TKT-0021,2026-03-03 00:46:00,2026-03-04 22:46:00,Low,Billing,Phone,Specialist Team,Resolved,0,4,Billing issue requires review and possible refund investigation.
TKT-0022,2026-03-18 15:51:00,2026-03-19 15:51:00,Critical,Ad Review,Phone,Team A,Resolved,1,3,User cannot access account and has contacted support multiple times.
TKT-0023,2026-03-24 16:39:00,2026-03-25 16:39:00,Critical,Account Access,Email,Specialist Team,Closed,1,2,Customer is waiting for urgent resolution and needs clear next steps.
TKT-0024,2026-03-08 15:50:00,2026-03-10 02:50:00,High,Login Issue,Web Form,Team B,Closed,1,2,Campaign delivery problem needs technical validation.
TKT-0025,2026-03-21 09:25:00,2026-03-22 01:25:00,High,Billing,Chat,Team B,Resolved,0,3,User cannot access account and has contacted support multiple times.
TKT-0026,2026-03-23 06:42:00,2026-03-23 08:42:00,Critical,Login Issue,Chat,Team A,Closed,0,5,Policy related question needs accurate guidance from knowledge base.
TKT-0027,2026-01-25 02:27:00,2026-01-25 20:27:00,Critical,Login Issue,Chat,Team A,Resolved,1,2,Billing issue requires review and possible refund investigation.
TKT-0028,2026-02-14 14:34:00,2026-02-16 13:34:00,Medium,Login Issue,Email,Team C,Closed,0,3,Campaign delivery problem needs technical validation.
TKT-0029,2026-03-27 22:08:00,2026-03-29 03:08:00,Medium,Account Access,Email,Specialist Team,Resolved,0,4,User cannot access account and has contacted support multiple times.
TKT-0030,2026-01-25 11:30:00,2026-01-27 14:30:00,Medium,Billing,Email,Team C,Resolved,0,4,Policy related question needs accurate guidance from knowledge base.
TKT-0031,2026-01-11 00:15:00,2026-01-13 17:15:00,Low,Billing,Email,Specialist Team,Resolved,0,4,Campaign delivery problem needs technical validation.
TKT-0032,2026-02-25 21:39:00,2026-02-27 03:39:00,Critical,Account Access,Chat,Team C,Resolved,0,4,Policy related question needs accurate guidance from knowledge base.
TKT-0033,2026-02-14 15:59:00,2026-02-16 11:59:00,Medium,Login Issue,Web Form,Team B,Resolved,0,4,User cannot access account and has contacted support multiple times.
TKT-0034,2026-03-15 10:04:00,2026-03-17 23:04:00,Low,Ad Review,Email,Team B,Resolved,0,4,User cannot access account and has contacted support multiple times.
TKT-0035,2026-01-17 09:25:00,,High,Login Issue,Chat,Team B,Pending,1,3,User cannot access account and has contacted support multiple times.
TKT-0036,2026-03-03 04:20:00,2026-03-06 05:20:00,Low,Ad Review,Email,Team C,Resolved,0,4,Billing issue requires review and possible refund investigation.
TKT-0037,2026-03-30 15:39:00,2026-04-01 03:39:00,Low,Billing,Email,Team B,Resolved,0,5,Customer is waiting for urgent resolution and needs clear next steps.
TKT-0038,2026-02-01 07:17:00,2026-02-02 16:17:00,High,Policy Question,Web Form,Team C,Resolved,0,3,Billing issue requires review and possible refund investigation.
TKT-0039,2026-01-16 14:17:00,2026-01-18 00:17:00,Low,Payment,Chat,Specialist Team,Resolved,0,5,Customer is waiting for urgent resolution and needs clear next steps.
TKT-0040,2026-02-14 19:05:00,2026-02-15 20:05:00,Medium,Login Issue,Email,Team C,Resolved,1,2,Campaign delivery problem needs technical validation.
TKT-0041,2026-02-16 01:39:00,2026-02-17 17:39:00,Low,Account Access,Chat,Team A,Resolved,0,5,User cannot access account and has contacted support multiple times.
TKT-0042,2026-02-23 13:40:00,2026-02-25 11:40:00,Medium,Policy Question,Chat,Team C,Resolved,1,3,Customer is waiting for urgent resolution and needs clear next steps.
TKT-0043,2026-02-13 01:02:00,,Low,Payment,Chat,Specialist Team,Open,0,5,Campaign delivery problem needs technical validation.
TKT-0044,2026-03-26 19:34:00,2026-03-28 01:34:00,High,Technical Bug,Phone,Team B,Resolved,0,3,User cannot access account and has contacted support multiple times.
TKT-0045,2026-03-11 09:22:00,2026-03-11 15:22:00,Critical,Policy Question,Chat,Team A,Resolved,0,5,User cannot access account and has contacted support multiple times.
TKT-0046,2026-01-10 18:05:00,2026-01-12 14:05:00,Medium,Technical Bug,Phone,Team B,Resolved,1,3,Campaign delivery problem needs technical validation.
TKT-0047,2026-01-01 22:16:00,,Medium,Ad Review,Phone,Team B,Pending,1,3,User cannot access account and has contacted support multiple times.
TKT-0048,2026-01-01 12:21:00,2026-01-03 05:21:00,Medium,Technical Bug,Phone,Team B,Resolved,1,3,Customer is waiting for urgent resolution and needs clear next steps.
TKT-0049,2026-01-25 21:25:00,2026-01-27 18:25:00,Medium,Technical Bug,Email,Team C,Resolved,1,2,User cannot access account and has contacted support multiple times.
TKT-0050,2026-03-08 19:48:00,2026-03-10 06:48:00,Medium,Technical Bug,Chat,Team C,Resolved,0,3,Campaign delivery problem needs technical validation.
TKT-0051,2026-03-28 14:08:00,2026-03-29 03:08:00,High,Policy Question,Email,Team B,Resolved,1,3,Customer is waiting for urgent resolution and needs clear next steps.
TKT-0052,2026-03-06 14:53:00,2026-03-08 15:53:00,Medium,Billing,Email,Team B,Resolved,0,4,Policy related question needs accurate guidance from knowledge base.
TKT-0053,2026-01-17 00:42:00,2026-01-17 22:42:00,Medium,Payment,Web Form,Team C,Closed,0,5,User cannot access account and has contacted support multiple times.
TKT-0054,2026-02-09 17:47:00,2026-02-10 23:47:00,Medium,Technical Bug,Web Form,Specialist Team,Resolved,0,4,Policy related question needs accurate guidance from knowledge base.
TKT-0055,2026-02-04 04:04:00,2026-02-06 18:04:00,Medium,Ad Review,Phone,Team C,Resolved,0,4,Billing issue requires review and possible refund investigation.
TKT-0056,2026-01-18 07:44:00,2026-01-21 02:44:00,Low,Technical Bug,Phone,Team C,Resolved,0,3,User cannot access account and has contacted support multiple times.
TKT-0057,2026-02-23 12:05:00,2026-02-23 18:05:00,Critical,Billing,Phone,Specialist Team,Closed,0,5,Billing issue requires review and possible refund investigation.
TKT-0058,2026-03-08 08:13:00,2026-03-09 01:13:00,High,Login Issue,Email,Team A,Closed,1,3,User cannot access account and has contacted support multiple times.
TKT-0059,2026-03-29 03:17:00,,High,Payment,Phone,Team B,Open,1,3,User cannot access account and has contacted support multiple times.
TKT-0060,2026-01-01 22:31:00,2026-01-04 02:31:00,Medium,Technical Bug,Phone,Team B,Resolved,1,3,Customer is waiting for urgent resolution and needs clear next steps.
TKT-0061,2026-02-25 17:48:00,,Medium,Technical Bug,Email,Team B,Open,1,3,Customer is waiting for urgent resolution and needs clear next steps.
TKT-0062,2026-03-09 09:24:00,2026-03-10 14:24:00,Critical,Account Access,Email,Team C,Closed,1,3,Billing issue requires review and possible refund investigation.
TKT-0063,2026-01-26 17:15:00,2026-01-28 02:15:00,Critical,Technical Bug,Phone,Team B,Closed,1,3,Campaign delivery problem needs technical validation.
TKT-0064,2026-02-05 01:46:00,2026-02-06 15:46:00,Low,Payment,Web Form,Specialist Team,Resolved,0,5,Campaign delivery problem needs technical validation.
TKT-0065,2026-01-09 16:58:00,2026-01-10 20:58:00,Critical,Login Issue,Chat,Specialist Team,Resolved,1,2,Billing issue requires review and possible refund investigation.
TKT-0066,2026-03-11 15:41:00,2026-03-13 15:41:00,Low,Technical Bug,Web Form,Team A,Resolved,0,5,User cannot access account and has contacted support multiple times.
TKT-0067,2026-03-27 18:57:00,,High,Account Access,Chat,Specialist Team,Pending,1,3,Policy related question needs accurate guidance from knowledge base.
TKT-0068,2026-02-03 04:15:00,2026-02-05 09:15:00,Low,Ad Review,Email,Team C,Resolved,0,4,Customer is waiting for urgent resolution and needs clear next steps.
TKT-0069,2026-03-12 18:24:00,2026-03-14 05:24:00,Medium,Account Access,Chat,Specialist Team,Resolved,1,3,Policy related question needs accurate guidance from knowledge base.
TKT-0070,2026-03-03 19:08:00,,Medium,Account Access,Chat,Team A,Open,0,3,Campaign delivery problem needs technical validation.
TKT-0071,2026-03-16 00:19:00,2026-03-16 10:19:00,High,Policy Question,Email,Team B,Resolved,0,5,Policy related question needs accurate guidance from knowledge base.
TKT-0072,2026-03-25 22:00:00,2026-03-27 19:00:00,Low,Policy Question,Web Form,Specialist Team,Closed,0,5,User cannot access account and has contacted support multiple times.
TKT-0073,2026-01-27 06:33:00,2026-01-28 19:33:00,Critical,Billing,Web Form,Team A,Closed,1,3,User cannot access account and has contacted support multiple times.
TKT-0074,2026-01-07 17:41:00,2026-01-08 08:41:00,High,Login Issue,Phone,Specialist Team,Resolved,1,2,User cannot access account and has contacted support multiple times.
TKT-0075,2026-03-08 13:16:00,2026-03-11 05:16:00,Low,Account Access,Email,Team A,Resolved,0,4,User cannot access account and has contacted support multiple times.
TKT-0076,2026-03-23 10:33:00,2026-03-25 11:33:00,Low,Login Issue,Email,Specialist Team,Resolved,1,2,Campaign delivery problem needs technical validation.
TKT-0077,2026-01-15 04:16:00,2026-01-18 01:16:00,Low,Technical Bug,Phone,Team B,Resolved,1,3,Billing issue requires review and possible refund investigation.
TKT-0078,2026-03-09 23:12:00,,Low,Ad Review,Email,Team B,Pending,1,3,User cannot access account and has contacted support multiple times.
TKT-0079,2026-03-21 17:14:00,,Low,Ad Review,Email,Specialist Team,Open,0,3,Customer is waiting for urgent resolution and needs clear next steps.
TKT-0080,2026-01-26 07:59:00,2026-01-28 03:59:00,Medium,Login Issue,Email,Team B,Resolved,1,3,Campaign delivery problem needs technical validation.
TKT-0081,2026-02-23 22:46:00,2026-02-25 16:46:00,Low,Billing,Chat,Team C,Resolved,0,4,Campaign delivery problem needs technical validation.
TKT-0082,2026-01-06 18:19:00,2026-01-09 00:19:00,Medium,Technical Bug,Phone,Team C,Resolved,1,3,Customer is waiting for urgent resolution and needs clear next steps.
TKT-0083,2026-03-02 07:26:00,2026-03-03 07:26:00,Critical,Billing,Chat,Specialist Team,Closed,1,3,Customer is waiting for urgent resolution and needs clear next steps.
TKT-0084,2026-01-09 17:45:00,2026-01-11 15:45:00,Medium,Ad Review,Web Form,Team B,Resolved,0,4,Campaign delivery problem needs technical validation.
TKT-0085,2026-02-12 15:51:00,2026-02-13 19:51:00,Medium,Technical Bug,Email,Specialist Team,Resolved,0,4,Billing issue requires review and possible refund investigation.
TKT-0086,2026-02-03 14:47:00,2026-02-05 13:47:00,Low,Account Access,Phone,Team C,Resolved,0,4,Customer is waiting for urgent resolution and needs clear next steps.
TKT-0087,2026-02-15 01:47:00,2026-02-15 17:47:00,High,Ad Review,Phone,Team C,Closed,0,4,Customer is waiting for urgent resolution and needs clear next steps.
TKT-0088,2026-02-10 05:06:00,2026-02-12 10:06:00,Medium,Technical Bug,Web Form,Team C,Closed,1,3,User cannot access account and has contacted support multiple times.
TKT-0089,2026-01-02 19:51:00,,Critical,Ad Review,Chat,Team B,Open,1,2,Customer is waiting for urgent resolution and needs clear next steps.
TKT-0090,2026-03-29 16:12:00,2026-03-30 14:12:00,Medium,Login Issue,Chat,Specialist Team,Resolved,0,5,Policy related question needs accurate guidance from knowledge base.
TKT-0091,2026-02-25 22:10:00,2026-02-26 05:10:00,Critical,Billing,Email,Team C,Resolved,1,2,Campaign delivery problem needs technical validation.
TKT-0092,2026-01-30 21:14:00,2026-02-02 05:14:00,Low,Technical Bug,Chat,Team A,Resolved,0,4,Billing issue requires review and possible refund investigation.
TKT-0093,2026-02-14 18:12:00,2026-02-15 21:12:00,Medium,Login Issue,Chat,Team B,Resolved,0,4,Billing issue requires review and possible refund investigation.
TKT-0094,2026-01-12 09:25:00,,Low,Login Issue,Chat,Team A,Pending,1,3,User cannot access account and has contacted support multiple times.
TKT-0095,2026-03-18 20:58:00,2026-03-20 01:58:00,Medium,Ad Review,Chat,Team A,Resolved,0,3,User cannot access account and has contacted support multiple times.
TKT-0096,2026-01-14 03:23:00,2026-01-14 21:23:00,Medium,Login Issue,Web Form,Team C,Resolved,0,4,Policy related question needs accurate guidance from knowledge base.
TKT-0097,2026-03-02 00:13:00,,Low,Ad Review,Chat,Team A,Pending,1,2,User cannot access account and has contacted support multiple times.
TKT-0098,2026-01-03 06:52:00,2026-01-04 19:52:00,Medium,Payment,Phone,Team B,Resolved,1,3,Policy related question needs accurate guidance from knowledge base.
TKT-0099,2026-03-24 20:04:00,2026-03-27 00:04:00,Medium,Policy Question,Web Form,Team B,Resolved,1,2,Billing issue requires review and possible refund investigation.
TKT-0100,2026-03-12 06:18:00,,Medium,Technical Bug,Email,Team C,Open,0,4,Billing issue requires review and possible refund investigation.
TKT-0101,2026-02-03 23:25:00,2026-02-04 17:25:00,High,Login Issue,Email,Specialist Team,Resolved,0,4,Campaign delivery problem needs technical validation.
TKT-0102,2026-01-29 01:08:00,2026-01-30 12:08:00,Low,Account Access,Chat,Specialist Team,Resolved,0,5,Policy related question needs accurate guidance from knowledge base.
TKT-0103,2026-01-30 15:09:00,2026-01-31 15:09:00,Medium,Login Issue,Chat,Team A,Resolved,0,5,Billing issue requires review and possible refund investigation.
TKT-0104,2026-01-22 22:53:00,2026-01-24 08:53:00,Critical,Technical Bug,Phone,Team A,Resolved,0,4,User cannot access account and has contacted support multiple times.
TKT-0105,2026-03-11 08:39:00,2026-03-13 04:39:00,High,Policy Question,Web Form,Team B,Resolved,1,2,User cannot access account and has contacted support multiple times.
TKT-0106,2026-03-07 19:22:00,2026-03-10 12:22:00,Low,Login Issue,Chat,Team A,Closed,0,3,Billing issue requires review and possible refund investigation.
TKT-0107,2026-01-21 10:24:00,2026-01-22 23:24:00,Medium,Account Access,Phone,Specialist Team,Resolved,0,3,Billing issue requires review and possible refund investigation.
TKT-0108,2026-03-18 14:32:00,2026-03-20 13:32:00,Medium,Billing,Email,Specialist Team,Resolved,0,4,User cannot access account and has contacted support multiple times.
TKT-0109,2026-03-23 02:25:00,2026-03-25 07:25:00,Low,Login Issue,Phone,Specialist Team,Resolved,0,3,Customer is waiting for urgent resolution and needs clear next steps.
TKT-0110,2026-01-08 06:40:00,2026-01-09 15:40:00,Low,Payment,Phone,Team A,Closed,0,5,User cannot access account and has contacted support multiple times.
TKT-0111,2026-01-05 17:54:00,,Low,Account Access,Email,Team B,Pending,0,5,Billing issue requires review and possible refund investigation.
TKT-0112,2026-01-29 12:43:00,2026-01-30 12:43:00,High,Login Issue,Email,Team C,Resolved,1,3,User cannot access account and has contacted support multiple times.
TKT-0113,2026-02-13 17:32:00,2026-02-15 11:32:00,Critical,Technical Bug,Chat,Team C,Resolved,1,3,User cannot access account and has contacted support multiple times.
TKT-0114,2026-03-11 04:10:00,2026-03-12 16:10:00,Medium,Ad Review,Phone,Specialist Team,Closed,1,2,Customer is waiting for urgent resolution and needs clear next steps.
TKT-0115,2026-03-03 17:55:00,2026-03-05 21:55:00,Medium,Account Access,Email,Team C,Resolved,0,4,Billing issue requires review and possible refund investigation.
TKT-0116,2026-03-06 11:23:00,2026-03-08 17:23:00,Medium,Ad Review,Phone,Team A,Resolved,0,4,Billing issue requires review and possible refund investigation.
TKT-0117,2026-03-30 09:16:00,2026-03-31 05:16:00,Medium,Policy Question,Phone,Team A,Resolved,0,5,Policy related question needs accurate guidance from knowledge base.
TKT-0118,2026-03-16 02:26:00,2026-03-17 10:26:00,Medium,Billing,Chat,Specialist Team,Resolved,1,3,Customer is waiting for urgent resolution and needs clear next steps.
TKT-0119,2026-03-02 21:19:00,2026-03-05 06:19:00,Low,Ad Review,Chat,Specialist Team,Resolved,1,2,Campaign delivery problem needs technical validation.
TKT-0120,2026-01-28 09:08:00,2026-01-30 19:08:00,Low,Policy Question,Chat,Team B,Resolved,0,3,Billing issue requires review and possible refund investigation.
TKT-0121,2026-03-10 22:51:00,2026-03-13 08:51:00,Low,Billing,Email,Team C,Resolved,0,4,User cannot access account and has contacted support multiple times.
TKT-0122,2026-01-29 12:57:00,2026-01-31 05:57:00,Low,Billing,Email,Specialist Team,Resolved,0,5,Customer is waiting for urgent resolution and needs clear next steps.
TKT-0123,2026-01-03 10:39:00,2026-01-04 16:39:00,Medium,Login Issue,Chat,Specialist Team,Resolved,0,3,Campaign delivery problem needs technical validation.
TKT-0124,2026-01-31 03:32:00,2026-02-02 15:32:00,Medium,Ad Review,Email,Specialist Team,Resolved,0,3,Campaign delivery problem needs technical validation.
TKT-0125,2026-01-15 01:47:00,2026-01-16 11:47:00,Medium,Login Issue,Chat,Team A,Resolved,1,3,Billing issue requires review and possible refund investigation.
TKT-0126,2026-01-10 07:17:00,2026-01-11 19:17:00,Medium,Payment,Web Form,Team C,Resolved,0,4,Customer is waiting for urgent resolution and needs clear next steps.
TKT-0127,2026-03-28 22:00:00,2026-03-31 00:00:00,Low,Login Issue,Chat,Team B,Resolved,0,3,User cannot access account and has contacted support multiple times.
TKT-0128,2026-03-07 02:58:00,2026-03-08 19:58:00,High,Payment,Web Form,Specialist Team,Closed,0,3,User cannot access account and has contacted support multiple times.
TKT-0129,2026-02-22 20:50:00,2026-02-24 11:50:00,Low,Account Access,Email,Team B,Resolved,0,5,Customer is waiting for urgent resolution and needs clear next steps.
TKT-0130,2026-01-28 22:22:00,2026-01-29 02:22:00,Critical,Payment,Email,Team A,Resolved,0,5,Customer is waiting for urgent resolution and needs clear next steps.
TKT-0131,2026-01-09 07:04:00,,High,Policy Question,Phone,Team B,Open,1,2,Campaign delivery problem needs technical validation.
TKT-0132,2026-01-19 14:15:00,2026-01-21 01:15:00,Low,Billing,Email,Team A,Closed,0,4,Billing issue requires review and possible refund investigation.
TKT-0133,2026-03-23 18:06:00,2026-03-25 20:06:00,Low,Policy Question,Chat,Team C,Resolved,1,3,Billing issue requires review and possible refund investigation.
TKT-0134,2026-02-18 13:03:00,2026-02-19 23:03:00,High,Ad Review,Phone,Specialist Team,Resolved,1,3,Customer is waiting for urgent resolution and needs clear next steps.
TKT-0135,2026-03-16 19:33:00,2026-03-18 21:33:00,High,Ad Review,Web Form,Team A,Resolved,0,3,Billing issue requires review and possible refund investigation.
TKT-0136,2026-01-30 09:27:00,2026-01-31 15:27:00,Low,Login Issue,Phone,Team A,Resolved,0,5,Campaign delivery problem needs technical validation.
TKT-0137,2026-02-01 19:31:00,2026-02-03 07:31:00,Medium,Policy Question,Phone,Team B,Closed,0,4,Campaign delivery problem needs technical validation.
TKT-0138,2026-01-29 15:07:00,2026-01-31 04:07:00,Critical,Policy Question,Email,Specialist Team,Closed,0,4,Campaign delivery problem needs technical validation.
TKT-0139,2026-01-16 00:27:00,2026-01-17 03:27:00,High,Billing,Phone,Team B,Resolved,0,4,User cannot access account and has contacted support multiple times.
TKT-0140,2026-03-20 23:08:00,2026-03-22 13:08:00,Medium,Policy Question,Email,Team C,Resolved,0,4,Policy related question needs accurate guidance from knowledge base.
TKT-0141,2026-02-25 12:10:00,2026-02-26 14:10:00,Medium,Payment,Phone,Team B,Resolved,0,3,User cannot access account and has contacted support multiple times.
TKT-0142,2026-03-28 23:12:00,2026-03-30 20:12:00,Low,Policy Question,Chat,Team B,Closed,0,4,Policy related question needs accurate guidance from knowledge base.
TKT-0143,2026-03-01 19:10:00,,Low,Login Issue,Phone,Team A,Pending,0,5,User cannot access account and has contacted support multiple times.
TKT-0144,2026-03-07 21:09:00,2026-03-09 02:09:00,Critical,Policy Question,Phone,Team C,Resolved,1,3,Billing issue requires review and possible refund investigation.
TKT-0145,2026-02-05 13:56:00,2026-02-07 10:56:00,Medium,Billing,Email,Specialist Team,Closed,0,3,Billing issue requires review and possible refund investigation.
TKT-0146,2026-03-21 09:01:00,,Low,Account Access,Web Form,Team A,Open,0,5,Policy related question needs accurate guidance from knowledge base.
TKT-0147,2026-03-14 05:54:00,2026-03-15 18:54:00,Low,Payment,Chat,Team B,Resolved,0,5,Billing issue requires review and possible refund investigation.
TKT-0148,2026-01-18 00:57:00,2026-01-19 10:57:00,Medium,Policy Question,Web Form,Team B,Closed,0,4,Policy related question needs accurate guidance from knowledge base.
TKT-0149,2026-03-12 04:33:00,2026-03-12 22:33:00,Medium,Policy Question,Chat,Team C,Resolved,0,5,Customer is waiting for urgent resolution and needs clear next steps.
TKT-0150,2026-01-07 20:16:00,2026-01-08 20:16:00,Medium,Login Issue,Chat,Team C,Closed,0,5,Policy related question needs accurate guidance from knowledge base.
TKT-0151,2026-02-05 07:45:00,2026-02-07 03:45:00,Medium,Billing,Phone,Team C,Closed,0,3,User cannot access account and has contacted support multiple times.
TKT-0152,2026-03-09 07:32:00,2026-03-10 07:32:00,High,Billing,Phone,Team A,Resolved,1,3,Customer is waiting for urgent resolution and needs clear next steps.
TKT-0153,2026-03-13 18:58:00,2026-03-14 18:58:00,Medium,Payment,Phone,Team C,Resolved,0,4,Campaign delivery problem needs technical validation.
TKT-0154,2026-04-01 06:14:00,2026-04-02 02:14:00,Critical,Technical Bug,Web Form,Team B,Resolved,0,3,User cannot access account and has contacted support multiple times.
TKT-0155,2026-03-22 09:41:00,2026-03-24 05:41:00,Medium,Login Issue,Chat,Team C,Resolved,1,2,User cannot access account and has contacted support multiple times.
TKT-0156,2026-03-22 10:22:00,,High,Login Issue,Phone,Specialist Team,Pending,0,3,Billing issue requires review and possible refund investigation.
TKT-0157,2026-03-03 10:15:00,2026-03-05 15:15:00,Medium,Ad Review,Web Form,Specialist Team,Resolved,1,3,User cannot access account and has contacted support multiple times.
TKT-0158,2026-02-22 01:54:00,2026-02-24 04:54:00,Medium,Billing,Phone,Team B,Closed,0,4,Customer is waiting for urgent resolution and needs clear next steps.
TKT-0159,2026-02-06 03:04:00,2026-02-07 19:04:00,Medium,Ad Review,Email,Team B,Resolved,0,4,User cannot access account and has contacted support multiple times.
TKT-0160,2026-03-11 00:50:00,2026-03-12 06:50:00,Medium,Account Access,Email,Team C,Resolved,1,3,Campaign delivery problem needs technical validation.
TKT-0161,2026-01-21 07:35:00,2026-01-24 03:35:00,Low,Technical Bug,Chat,Team B,Resolved,1,3,User cannot access account and has contacted support multiple times.
TKT-0162,2026-03-26 04:15:00,2026-03-27 18:15:00,Medium,Account Access,Email,Team B,Resolved,0,3,Billing issue requires review and possible refund investigation.
TKT-0163,2026-03-21 19:23:00,2026-03-23 12:23:00,Medium,Payment,Email,Team B,Resolved,1,2,Customer is waiting for urgent resolution and needs clear next steps.
TKT-0164,2026-02-26 17:51:00,2026-02-27 04:51:00,Critical,Account Access,Web Form,Specialist Team,Resolved,0,4,Customer is waiting for urgent resolution and needs clear next steps.
TKT-0165,2026-03-04 19:21:00,2026-03-06 16:21:00,Medium,Account Access,Chat,Team C,Resolved,1,3,Billing issue requires review and possible refund investigation.
TKT-0166,2026-02-20 07:22:00,2026-02-22 07:22:00,High,Technical Bug,Phone,Team C,Resolved,1,3,Customer is waiting for urgent resolution and needs clear next steps.
TKT-0167,2026-02-26 19:12:00,2026-02-27 23:12:00,Medium,Ad Review,Chat,Team A,Resolved,0,4,Policy related question needs accurate guidance from knowledge base.
TKT-0168,2026-01-09 19:25:00,2026-01-11 19:25:00,Medium,Billing,Email,Team B,Resolved,0,3,Policy related question needs accurate guidance from knowledge base.
TKT-0169,2026-03-06 12:39:00,2026-03-07 20:39:00,Low,Payment,Email,Team B,Closed,0,5,User cannot access account and has contacted support multiple times.
TKT-0170,2026-01-18 15:42:00,2026-01-19 21:42:00,Low,Billing,Web Form,Team A,Resolved,0,5,Billing issue requires review and possible refund investigation.
TKT-0171,2026-02-14 08:55:00,2026-02-15 11:55:00,Medium,Technical Bug,Email,Team C,Resolved,0,4,Campaign delivery problem needs technical validation.
TKT-0172,2026-03-31 10:02:00,2026-04-01 22:02:00,High,Policy Question,Web Form,Specialist Team,Resolved,0,3,User cannot access account and has contacted support multiple times.
TKT-0173,2026-03-23 11:49:00,,Medium,Billing,Email,Specialist Team,Open,0,4,Customer is waiting for urgent resolution and needs clear next steps.
TKT-0174,2026-01-02 22:43:00,2026-01-03 23:43:00,Medium,Policy Question,Email,Team B,Resolved,1,2,Policy related question needs accurate guidance from knowledge base.
TKT-0175,2026-02-11 16:28:00,2026-02-12 09:28:00,High,Login Issue,Email,Team C,Closed,1,2,Policy related question needs accurate guidance from knowledge base.
TKT-0176,2026-03-27 08:29:00,2026-03-28 10:29:00,Medium,Ad Review,Email,Team A,Resolved,0,3,Policy related question needs accurate guidance from knowledge base.
TKT-0177,2026-01-14 22:24:00,2026-01-15 19:24:00,Medium,Payment,Chat,Specialist Team,Resolved,0,4,Campaign delivery problem needs technical validation.
TKT-0178,2026-03-22 12:43:00,2026-03-24 04:43:00,Low,Policy Question,Email,Team C,Resolved,0,5,Campaign delivery problem needs technical validation.
TKT-0179,2026-03-08 03:49:00,2026-03-09 12:49:00,High,Ad Review,Phone,Team C,Resolved,0,3,Billing issue requires review and possible refund investigation.
TKT-0180,2026-01-03 23:53:00,2026-01-05 20:53:00,Low,Policy Question,Phone,Specialist Team,Resolved,0,4,Campaign delivery problem needs technical validation.
TKT-0181,2026-02-10 07:51:00,2026-02-11 17:51:00,Medium,Payment,Email,Team C,Resolved,1,3,Billing issue requires review and possible refund investigation.
TKT-0182,2026-01-25 08:51:00,2026-01-27 03:51:00,High,Account Access,Chat,Team C,Closed,1,3,Policy related question needs accurate guidance from knowledge base.
TKT-0183,2026-03-25 01:51:00,2026-03-25 22:51:00,Medium,Policy Question,Chat,Team C,Closed,0,5,User cannot access account and has contacted support multiple times.
TKT-0184,2026-02-13 19:37:00,2026-02-15 13:37:00,High,Policy Question,Web Form,Specialist Team,Resolved,0,4,Campaign delivery problem needs technical validation.
TKT-0185,2026-03-31 06:57:00,2026-04-02 20:57:00,Low,Policy Question,Phone,Specialist Team,Resolved,1,3,Customer is waiting for urgent resolution and needs clear next steps.
TKT-0186,2026-02-01 04:51:00,,High,Ad Review,Phone,Specialist Team,Open,1,3,Billing issue requires review and possible refund investigation.
TKT-0187,2026-01-19 10:23:00,2026-01-21 00:23:00,Medium,Policy Question,Email,Team B,Resolved,1,2,Policy related question needs accurate guidance from knowledge base.
TKT-0188,2026-01-04 20:06:00,,Low,Policy Question,Web Form,Team B,Open,0,5,Campaign delivery problem needs technical validation.
TKT-0189,2026-01-17 21:28:00,2026-01-18 07:28:00,High,Policy Question,Chat,Team C,Resolved,0,5,Customer is waiting for urgent resolution and needs clear next steps.
TKT-0190,2026-01-06 00:03:00,,Low,Ad Review,Web Form,Specialist Team,Open,0,4,Campaign delivery problem needs technical validation.
TKT-0191,2026-01-21 19:45:00,,Critical,Ad Review,Phone,Team B,Pending,0,4,User cannot access account and has contacted support multiple times.
TKT-0192,2026-03-05 15:15:00,,Critical,Login Issue,Chat,Team A,Open,1,2,Customer is waiting for urgent resolution and needs clear next steps.
TKT-0193,2026-01-09 08:16:00,2026-01-09 22:16:00,High,Payment,Web Form,Team A,Resolved,0,3,Billing issue requires review and possible refund investigation.
TKT-0194,2026-03-17 15:48:00,2026-03-19 09:48:00,Medium,Technical Bug,Phone,Team C,Resolved,0,4,User cannot access account and has contacted support multiple times.
TKT-0195,2026-03-17 15:15:00,2026-03-18 11:15:00,High,Payment,Email,Specialist Team,Closed,1,3,Customer is waiting for urgent resolution and needs clear next steps.
TKT-0196,2026-03-06 00:56:00,2026-03-07 08:56:00,High,Policy Question,Web Form,Team A,Closed,0,4,Billing issue requires review and possible refund investigation.
TKT-0197,2026-02-10 05:30:00,2026-02-12 09:30:00,Low,Ad Review,Chat,Team C,Closed,1,3,Policy related question needs accurate guidance from knowledge base.
TKT-0198,2026-01-26 00:28:00,2026-01-27 07:28:00,High,Ad Review,Web Form,Specialist Team,Resolved,1,3,Billing issue requires review and possible refund investigation.
TKT-0199,2026-01-29 23:16:00,2026-01-31 08:16:00,Medium,Ad Review,Web Form,Specialist Team,Resolved,0,3,User cannot access account and has contacted support multiple times.
TKT-0200,2026-03-23 19:53:00,,Low,Ad Review,Chat,Team C,Pending,0,4,Customer is waiting for urgent resolution and needs clear next steps.
TKT-0201,2026-03-08 22:18:00,,Medium,Login Issue,Email,Team C,Pending,1,2,Billing issue requires review and possible refund investigation.
TKT-0202,2026-03-29 12:08:00,2026-03-31 05:08:00,Medium,Policy Question,Phone,Team B,Resolved,0,4,Billing issue requires review and possible refund investigation.
TKT-0203,2026-02-01 04:08:00,2026-02-02 00:08:00,High,Account Access,Chat,Team B,Resolved,0,3,Campaign delivery problem needs technical validation.
TKT-0204,2026-02-17 01:11:00,2026-02-18 19:11:00,Low,Account Access,Chat,Team C,Resolved,0,4,Policy related question needs accurate guidance from knowledge base.
TKT-0205,2026-03-11 23:53:00,2026-03-13 01:53:00,High,Billing,Phone,Team C,Closed,0,4,Campaign delivery problem needs technical validation.
TKT-0206,2026-03-23 16:08:00,2026-03-25 20:08:00,High,Ad Review,Chat,Team B,Closed,1,3,Billing issue requires review and possible refund investigation.
TKT-0207,2026-01-02 03:22:00,2026-01-04 03:22:00,Medium,Technical Bug,Email,Team A,Closed,0,4,Campaign delivery problem needs technical validation.
TKT-0208,2026-01-11 18:18:00,2026-01-13 10:18:00,High,Payment,Web Form,Specialist Team,Resolved,1,3,Customer is waiting for urgent resolution and needs clear next steps.
TKT-0209,2026-02-08 12:39:00,2026-02-11 05:39:00,Low,Billing,Phone,Team C,Closed,1,3,User cannot access account and has contacted support multiple times.
TKT-0210,2026-02-14 22:01:00,2026-02-16 10:01:00,High,Payment,Web Form,Team B,Resolved,0,4,Billing issue requires review and possible refund investigation.
TKT-0211,2026-01-22 08:29:00,2026-01-23 09:29:00,Medium,Account Access,Phone,Team A,Resolved,0,3,Policy related question needs accurate guidance from knowledge base.
TKT-0212,2026-02-09 03:55:00,,Low,Payment,Web Form,Specialist Team,Open,0,5,Campaign delivery problem needs technical validation.
TKT-0213,2026-03-14 02:38:00,2026-03-14 13:38:00,High,Account Access,Email,Specialist Team,Closed,1,4,Billing issue requires review and possible refund investigation.
TKT-0214,2026-03-16 16:53:00,2026-03-18 05:53:00,Critical,Policy Question,Phone,Specialist Team,Resolved,1,2,Billing issue requires review and possible refund investigation.
TKT-0215,2026-02-12 21:55:00,2026-02-13 21:55:00,Medium,Payment,Email,Team C,Resolved,0,5,Billing issue requires review and possible refund investigation.
TKT-0216,2026-03-16 05:12:00,,Medium,Billing,Chat,Team B,Pending,0,4,Customer is waiting for urgent resolution and needs clear next steps.
TKT-0217,2026-01-08 04:02:00,2026-01-09 22:02:00,High,Account Access,Phone,Team C,Closed,1,3,Billing issue requires review and possible refund investigation.
TKT-0218,2026-01-22 02:33:00,2026-01-23 15:33:00,Low,Login Issue,Email,Team C,Resolved,0,4,User cannot access account and has contacted support multiple times.
TKT-0219,2026-01-21 21:03:00,2026-01-23 20:03:00,Medium,Account Access,Phone,Team A,Resolved,0,4,Customer is waiting for urgent resolution and needs clear next steps.
TKT-0220,2026-03-29 15:08:00,2026-03-30 22:08:00,High,Technical Bug,Phone,Team C,Closed,1,3,Policy related question needs accurate guidance from knowledge base.
TKT-0221,2026-02-08 03:41:00,2026-02-10 08:41:00,Medium,Account Access,Phone,Specialist Team,Resolved,0,4,Customer is waiting for urgent resolution and needs clear next steps.
TKT-0222,2026-02-11 16:21:00,,Low,Account Access,Web Form,Specialist Team,Open,0,5,User cannot access account and has contacted support multiple times.
TKT-0223,2026-02-25 14:35:00,2026-02-27 10:35:00,Medium,Ad Review,Phone,Team B,Resolved,1,2,Customer is waiting for urgent resolution and needs clear next steps.
TKT-0224,2026-03-01 17:28:00,2026-03-03 09:28:00,Medium,Account Access,Web Form,Specialist Team,Closed,1,3,User cannot access account and has contacted support multiple times.
TKT-0225,2026-03-13 11:21:00,2026-03-15 14:21:00,Medium,Login Issue,Chat,Team C,Resolved,0,4,Billing issue requires review and possible refund investigation.
TKT-0226,2026-01-23 01:26:00,2026-01-24 16:26:00,High,Billing,Web Form,Team A,Resolved,1,3,Policy related question needs accurate guidance from knowledge base.
TKT-0227,2026-01-20 06:24:00,2026-01-21 12:24:00,High,Payment,Web Form,Team C,Resolved,1,2,Policy related question needs accurate guidance from knowledge base.
TKT-0228,2026-03-07 22:41:00,2026-03-09 20:41:00,Medium,Policy Question,Web Form,Specialist Team,Resolved,0,4,Campaign delivery problem needs technical validation.
TKT-0229,2026-03-06 16:37:00,,Low,Policy Question,Phone,Team C,Pending,0,5,Campaign delivery problem needs technical validation.
TKT-0230,2026-01-03 03:01:00,2026-01-05 19:01:00,Low,Account Access,Web Form,Team C,Closed,0,4,Policy related question needs accurate guidance from knowledge base.
TKT-0231,2026-03-30 14:46:00,2026-03-31 18:46:00,Medium,Technical Bug,Web Form,Team C,Resolved,0,4,Customer is waiting for urgent resolution and needs clear next steps.
TKT-0232,2026-03-31 23:14:00,,Low,Ad Review,Web Form,Team B,Pending,0,4,Policy related question needs accurate guidance from knowledge base.
TKT-0233,2026-02-28 22:44:00,2026-03-02 15:44:00,Medium,Policy Question,Email,Team B,Resolved,0,4,Policy related question needs accurate guidance from knowledge base.
TKT-0234,2026-01-31 07:07:00,2026-02-01 19:07:00,Medium,Ad Review,Phone,Specialist Team,Resolved,0,4,Policy related question needs accurate guidance from knowledge base.
TKT-0235,2026-02-02 10:26:00,,Low,Payment,Email,Team C,Pending,0,4,Campaign delivery problem needs technical validation.
TKT-0236,2026-01-03 03:50:00,2026-01-05 10:50:00,Low,Payment,Email,Team C,Closed,0,3,Customer is waiting for urgent resolution and needs clear next steps.
TKT-0237,2026-02-03 21:11:00,2026-02-06 03:11:00,Medium,Account Access,Phone,Team B,Resolved,0,4,User cannot access account and has contacted support multiple times.
TKT-0238,2026-03-30 19:48:00,,Medium,Billing,Email,Team A,Open,0,4,Policy related question needs accurate guidance from knowledge base.
TKT-0239,2026-03-15 19:51:00,2026-03-16 12:51:00,High,Payment,Email,Team C,Closed,1,3,Customer is waiting for urgent resolution and needs clear next steps.
TKT-0240,2026-02-15 20:40:00,2026-02-17 14:40:00,Low,Account Access,Email,Team C,Resolved,0,5,Customer is waiting for urgent resolution and needs clear next steps.
TKT-0241,2026-01-10 15:14:00,2026-01-11 02:14:00,High,Account Access,Email,Specialist Team,Resolved,1,4,User cannot access account and has contacted support multiple times.
TKT-0242,2026-01-30 22:20:00,2026-02-02 06:20:00,Low,Policy Question,Web Form,Team C,Resolved,0,4,Customer is waiting for urgent resolution and needs clear next steps.
TKT-0243,2026-02-11 19:43:00,2026-02-13 08:43:00,Medium,Payment,Chat,Specialist Team,Resolved,0,4,User cannot access account and has contacted support multiple times.
TKT-0244,2026-01-16 06:11:00,2026-01-18 14:11:00,Low,Technical Bug,Chat,Team A,Resolved,0,4,Policy related question needs accurate guidance from knowledge base.
TKT-0245,2026-03-08 03:21:00,2026-03-09 19:21:00,Medium,Billing,Email,Specialist Team,Resolved,0,4,Billing issue requires review and possible refund investigation.
TKT-0246,2026-03-01 02:15:00,2026-03-02 13:15:00,Medium,Ad Review,Email,Team C,Resolved,1,3,Billing issue requires review and possible refund investigation.
TKT-0247,2026-01-23 03:35:00,2026-01-24 20:35:00,Medium,Policy Question,Chat,Team B,Resolved,0,4,Policy related question needs accurate guidance from knowledge base.
TKT-0248,2026-02-05 20:19:00,2026-02-07 02:19:00,Critical,Account Access,Chat,Team B,Closed,0,3,Campaign delivery problem needs technical validation.
TKT-0249,2026-03-05 03:34:00,2026-03-06 16:34:00,Low,Account Access,Chat,Team B,Closed,0,5,Policy related question needs accurate guidance from knowledge base.
TKT-0250,2026-02-16 11:47:00,2026-02-17 22:47:00,High,Technical Bug,Email,Team B,Resolved,0,4,Billing issue requires review and possible refund investigation.
TKT-0251,2026-02-02 11:42:00,2026-02-03 07:42:00,High,Billing,Phone,Team C,Resolved,1,3,Billing issue requires review and possible refund investigation.
TKT-0252,2026-01-22 20:52:00,2026-01-24 17:52:00,High,Ad Review,Phone,Specialist Team,Closed,0,4,Billing issue requires review and possible refund investigation.
TKT-0253,2026-01-31 10:01:00,2026-02-01 05:01:00,Medium,Policy Question,Phone,Specialist Team,Closed,0,4,Campaign delivery problem needs technical validation.
TKT-0254,2026-02-12 17:54:00,2026-02-14 05:54:00,Medium,Payment,Email,Team B,Resolved,0,3,User cannot access account and has contacted support multiple times.
TKT-0255,2026-01-08 05:25:00,2026-01-10 06:25:00,Low,Login Issue,Web Form,Team B,Resolved,0,3,Billing issue requires review and possible refund investigation.
TKT-0256,2026-01-31 23:36:00,2026-02-02 10:36:00,High,Account Access,Web Form,Team C,Closed,0,4,Billing issue requires review and possible refund investigation.
TKT-0257,2026-01-08 15:56:00,2026-01-09 06:56:00,High,Account Access,Email,Team B,Resolved,1,3,Customer is waiting for urgent resolution and needs clear next steps.
TKT-0258,2026-03-13 12:44:00,2026-03-15 05:44:00,High,Payment,Chat,Team C,Resolved,0,4,Policy related question needs accurate guidance from knowledge base.
TKT-0259,2026-03-19 14:32:00,2026-03-22 04:32:00,Low,Payment,Chat,Specialist Team,Closed,0,4,User cannot access account and has contacted support multiple times.
TKT-0260,2026-01-08 18:44:00,2026-01-10 12:44:00,High,Account Access,Phone,Team B,Resolved,1,3,User cannot access account and has contacted support multiple times.
TKT-0261,2026-01-11 11:10:00,2026-01-13 08:10:00,Medium,Technical Bug,Email,Team B,Resolved,0,4,Campaign delivery problem needs technical validation.
TKT-0262,2026-02-10 22:45:00,2026-02-13 02:45:00,Low,Account Access,Web Form,Team B,Closed,1,2,User cannot access account and has contacted support multiple times.
TKT-0263,2026-02-11 10:21:00,2026-02-12 13:21:00,Medium,Billing,Web Form,Team B,Resolved,0,4,User cannot access account and has contacted support multiple times.
TKT-0264,2026-01-20 20:44:00,2026-01-22 12:44:00,Low,Ad Review,Web Form,Team B,Resolved,0,5,Billing issue requires review and possible refund investigation.
TKT-0265,2026-02-03 23:07:00,2026-02-05 11:07:00,High,Technical Bug,Email,Team B,Resolved,1,2,Customer is waiting for urgent resolution and needs clear next steps.
TKT-0266,2026-01-09 02:00:00,,Medium,Policy Question,Web Form,Team A,Pending,0,4,Campaign delivery problem needs technical validation.
TKT-0267,2026-03-16 10:31:00,,Low,Account Access,Phone,Team A,Open,0,3,Policy related question needs accurate guidance from knowledge base.
TKT-0268,2026-02-13 05:41:00,2026-02-15 12:41:00,Low,Login Issue,Email,Team A,Closed,1,3,Policy related question needs accurate guidance from knowledge base.
TKT-0269,2026-01-30 02:06:00,2026-01-31 10:06:00,High,Policy Question,Phone,Team C,Resolved,1,3,User cannot access account and has contacted support multiple times.
TKT-0270,2026-03-05 08:53:00,2026-03-05 22:53:00,High,Login Issue,Email,Team A,Resolved,0,3,Campaign delivery problem needs technical validation.
TKT-0271,2026-01-09 23:13:00,2026-01-11 06:13:00,Medium,Technical Bug,Chat,Team C,Resolved,1,3,Campaign delivery problem needs technical validation.
TKT-0272,2026-03-10 20:05:00,2026-03-11 10:05:00,Critical,Policy Question,Web Form,Specialist Team,Resolved,1,3,Policy related question needs accurate guidance from knowledge base.
TKT-0273,2026-03-29 14:27:00,2026-03-31 17:27:00,Low,Billing,Email,Specialist Team,Resolved,1,3,User cannot access account and has contacted support multiple times.
TKT-0274,2026-03-06 23:18:00,2026-03-09 11:18:00,Low,Policy Question,Phone,Team B,Resolved,1,3,Campaign delivery problem needs technical validation.
TKT-0275,2026-01-27 16:25:00,2026-01-28 15:25:00,Critical,Account Access,Email,Team A,Resolved,1,2,Campaign delivery problem needs technical validation.
TKT-0276,2026-03-05 05:30:00,,Medium,Login Issue,Phone,Team C,Open,1,3,User cannot access account and has contacted support multiple times.
TKT-0277,2026-03-18 16:44:00,2026-03-20 21:44:00,Low,Payment,Phone,Specialist Team,Resolved,0,4,Billing issue requires review and possible refund investigation.
TKT-0278,2026-01-20 19:14:00,2026-01-22 17:14:00,Low,Login Issue,Email,Team B,Resolved,0,5,Policy related question needs accurate guidance from knowledge base.
TKT-0279,2026-02-13 06:45:00,2026-02-15 10:45:00,Medium,Account Access,Web Form,Team B,Resolved,1,2,Policy related question needs accurate guidance from knowledge base.
TKT-0280,2026-01-15 00:54:00,2026-01-17 02:54:00,Medium,Billing,Web Form,Team B,Resolved,0,4,Policy related question needs accurate guidance from knowledge base.
TKT-0281,2026-01-18 18:29:00,2026-01-20 22:29:00,High,Technical Bug,Chat,Team B,Resolved,1,3,Policy related question needs accurate guidance from knowledge base.
TKT-0282,2026-01-11 03:25:00,2026-01-13 06:25:00,Low,Ad Review,Email,Team A,Resolved,1,3,Campaign delivery problem needs technical validation.
TKT-0283,2026-01-16 07:39:00,2026-01-16 19:39:00,Critical,Login Issue,Email,Team C,Resolved,0,3,Customer is waiting for urgent resolution and needs clear next steps.
TKT-0284,2026-02-13 23:07:00,2026-02-15 07:07:00,Low,Account Access,Phone,Specialist Team,Closed,0,5,Customer is waiting for urgent resolution and needs clear next steps.
TKT-0285,2026-03-03 01:35:00,2026-03-04 10:35:00,Medium,Account Access,Email,Team A,Resolved,1,3,Customer is waiting for urgent resolution and needs clear next steps.
TKT-0286,2026-03-17 09:07:00,2026-03-18 17:07:00,High,Technical Bug,Email,Team A,Resolved,1,2,Campaign delivery problem needs technical validation.
TKT-0287,2026-01-25 22:37:00,2026-01-26 06:37:00,High,Account Access,Phone,Specialist Team,Resolved,0,5,Policy related question needs accurate guidance from knowledge base.
TKT-0288,2026-03-24 22:55:00,2026-03-26 15:55:00,Low,Policy Question,Email,Team A,Resolved,0,4,Policy related question needs accurate guidance from knowledge base.
TKT-0289,2026-03-09 07:53:00,,Medium,Login Issue,Web Form,Specialist Team,Open,0,4,Billing issue requires review and possible refund investigation.
TKT-0290,2026-02-26 12:33:00,2026-02-28 04:33:00,Low,Login Issue,Email,Team B,Closed,0,4,Campaign delivery problem needs technical validation.
TKT-0291,2026-02-26 21:36:00,2026-02-28 20:36:00,Medium,Ad Review,Phone,Team A,Resolved,1,3,User cannot access account and has contacted support multiple times.
TKT-0292,2026-03-20 17:56:00,2026-03-21 12:56:00,Critical,Billing,Chat,Team B,Resolved,1,3,Billing issue requires review and possible refund investigation.
TKT-0293,2026-01-25 01:44:00,2026-01-27 10:44:00,Low,Account Access,Email,Team B,Resolved,0,4,Billing issue requires review and possible refund investigation.
TKT-0294,2026-02-10 23:55:00,2026-02-12 04:55:00,High,Login Issue,Email,Team C,Closed,1,2,User cannot access account and has contacted support multiple times.
TKT-0295,2026-03-02 03:55:00,2026-03-04 02:55:00,Medium,Technical Bug,Phone,Team A,Closed,0,4,Policy related question needs accurate guidance from knowledge base.
TKT-0296,2026-03-05 00:57:00,2026-03-06 14:57:00,Low,Login Issue,Phone,Team B,Resolved,0,4,Campaign delivery problem needs technical validation.
TKT-0297,2026-03-11 10:28:00,2026-03-12 08:28:00,Medium,Policy Question,Phone,Team B,Resolved,0,4,Billing issue requires review and possible refund investigation.
TKT-0298,2026-02-13 08:46:00,2026-02-14 14:46:00,Medium,Payment,Phone,Team A,Resolved,1,3,Billing issue requires review and possible refund investigation.
TKT-0299,2026-03-02 15:29:00,2026-03-04 16:29:00,Medium,Policy Question,Web Form,Team A,Resolved,1,3,Policy related question needs accurate guidance from knowledge base.
TKT-0300,2026-01-05 06:48:00,2026-01-07 09:48:00,Low,Ad Review,Chat,Team A,Resolved,0,3,Billing issue requires review and possible refund investigation.
TKT-0301,2026-03-27 23:41:00,2026-03-29 08:41:00,Low,Login Issue,Email,Team B,Resolved,0,4,Billing issue requires review and possible refund investigation.
TKT-0302,2026-01-24 15:00:00,2026-01-25 22:00:00,Low,Account Access,Email,Team C,Resolved,0,5,Customer is waiting for urgent resolution and needs clear next steps.
TKT-0303,2026-03-25 07:25:00,,Medium,Policy Question,Phone,Team B,Open,0,5,Customer is waiting for urgent resolution and needs clear next steps.
TKT-0304,2026-02-27 10:49:00,,Medium,Account Access,Web Form,Team C,Open,1,3,Policy related question needs accurate guidance from knowledge base.
TKT-0305,2026-02-23 19:03:00,2026-02-24 18:03:00,Medium,Payment,Phone,Team B,Resolved,0,5,User cannot access account and has contacted support multiple times.
TKT-0306,2026-01-16 16:22:00,2026-01-18 20:22:00,High,Technical Bug,Phone,Team B,Resolved,1,2,Campaign delivery problem needs technical validation.
TKT-0307,2026-01-06 17:49:00,2026-01-08 10:49:00,Medium,Payment,Web Form,Team C,Resolved,0,4,Billing issue requires review and possible refund investigation.
TKT-0308,2026-01-02 21:35:00,2026-01-04 05:35:00,Medium,Payment,Phone,Team B,Resolved,0,4,Policy related question needs accurate guidance from knowledge base.
TKT-0309,2026-01-24 05:07:00,,Low,Account Access,Chat,Team B,Open,0,5,User cannot access account and has contacted support multiple times.
TKT-0310,2026-01-31 14:55:00,2026-02-01 20:55:00,High,Policy Question,Chat,Team A,Closed,1,3,User cannot access account and has contacted support multiple times.
TKT-0311,2026-03-01 01:57:00,2026-03-01 18:57:00,High,Technical Bug,Chat,Team C,Resolved,1,2,Campaign delivery problem needs technical validation.
TKT-0312,2026-03-02 04:03:00,2026-03-04 08:03:00,Low,Technical Bug,Web Form,Specialist Team,Resolved,1,2,Campaign delivery problem needs technical validation.
TKT-0313,2026-02-11 14:14:00,,Medium,Ad Review,Web Form,Team C,Open,0,3,User cannot access account and has contacted support multiple times.
TKT-0314,2026-03-23 19:55:00,2026-03-24 16:55:00,Critical,Policy Question,Phone,Team B,Resolved,1,3,User cannot access account and has contacted support multiple times.
TKT-0315,2026-01-28 21:20:00,,Medium,Account Access,Web Form,Team B,Open,0,5,Billing issue requires review and possible refund investigation.
TKT-0316,2026-01-09 05:49:00,,High,Technical Bug,Chat,Specialist Team,Pending,1,3,Customer is waiting for urgent resolution and needs clear next steps.
TKT-0317,2026-01-27 06:58:00,2026-01-29 02:58:00,Low,Ad Review,Chat,Team C,Closed,0,5,Campaign delivery problem needs technical validation.
TKT-0318,2026-01-16 17:26:00,2026-01-17 13:26:00,Medium,Payment,Web Form,Team C,Resolved,0,5,Customer is waiting for urgent resolution and needs clear next steps.
TKT-0319,2026-01-07 19:08:00,2026-01-08 14:08:00,Medium,Login Issue,Web Form,Team A,Resolved,0,5,Customer is waiting for urgent resolution and needs clear next steps.
TKT-0320,2026-01-20 03:07:00,2026-01-20 16:07:00,Critical,Login Issue,Web Form,Team A,Resolved,1,2,Policy related question needs accurate guidance from knowledge base.
TKT-0321,2026-03-27 18:07:00,,Medium,Policy Question,Web Form,Team A,Pending,0,4,Customer is waiting for urgent resolution and needs clear next steps.
TKT-0322,2026-02-16 22:45:00,2026-02-18 14:45:00,Low,Ad Review,Phone,Team A,Resolved,0,5,Campaign delivery problem needs technical validation.
TKT-0323,2026-03-04 05:17:00,2026-03-06 21:17:00,Low,Payment,Email,Specialist Team,Resolved,1,3,Billing issue requires review and possible refund investigation.
TKT-0324,2026-03-10 11:27:00,2026-03-12 13:27:00,Medium,Technical Bug,Web Form,Team B,Closed,0,4,Customer is waiting for urgent resolution and needs clear next steps.
TKT-0325,2026-02-11 03:38:00,2026-02-12 17:38:00,Medium,Ad Review,Web Form,Team B,Closed,1,2,Customer is waiting for urgent resolution and needs clear next steps.
TKT-0326,2026-01-09 18:25:00,,Medium,Ad Review,Web Form,Team C,Pending,1,2,Campaign delivery problem needs technical validation.
TKT-0327,2026-03-29 09:21:00,2026-03-31 09:21:00,Medium,Technical Bug,Chat,Specialist Team,Closed,0,3,Billing issue requires review and possible refund investigation.
TKT-0328,2026-02-25 07:04:00,,Medium,Account Access,Chat,Team C,Open,0,3,Billing issue requires review and possible refund investigation.
TKT-0329,2026-03-31 10:37:00,2026-04-02 13:37:00,Medium,Login Issue,Chat,Team A,Resolved,1,3,Billing issue requires review and possible refund investigation.
TKT-0330,2026-02-11 01:43:00,2026-02-12 09:43:00,Low,Policy Question,Web Form,Team B,Resolved,0,5,Campaign delivery problem needs technical validation.
TKT-0331,2026-01-22 07:26:00,2026-01-24 20:26:00,Low,Ad Review,Web Form,Team A,Resolved,0,3,Billing issue requires review and possible refund investigation.
TKT-0332,2026-03-19 14:42:00,2026-03-21 11:42:00,Low,Technical Bug,Phone,Specialist Team,Resolved,0,5,User cannot access account and has contacted support multiple times.
TKT-0333,2026-03-30 15:09:00,2026-04-02 06:09:00,Low,Login Issue,Phone,Specialist Team,Closed,0,3,Billing issue requires review and possible refund investigation.
TKT-0334,2026-03-07 09:16:00,2026-03-08 18:16:00,Low,Login Issue,Email,Team C,Resolved,0,5,Policy related question needs accurate guidance from knowledge base.
TKT-0335,2026-02-17 04:58:00,2026-02-18 03:58:00,Medium,Login Issue,Phone,Specialist Team,Resolved,0,5,Customer is waiting for urgent resolution and needs clear next steps.
TKT-0336,2026-02-04 18:08:00,2026-02-05 14:08:00,Medium,Policy Question,Phone,Team C,Closed,0,5,Billing issue requires review and possible refund investigation.
TKT-0337,2026-01-08 11:45:00,2026-01-10 01:45:00,High,Technical Bug,Web Form,Team C,Resolved,1,2,User cannot access account and has contacted support multiple times.
TKT-0338,2026-03-05 21:04:00,2026-03-08 03:04:00,Medium,Ad Review,Email,Team A,Resolved,0,4,Customer is waiting for urgent resolution and needs clear next steps.
TKT-0339,2026-01-19 17:37:00,2026-01-22 01:37:00,Medium,Technical Bug,Web Form,Specialist Team,Resolved,1,3,Campaign delivery problem needs technical validation.
TKT-0340,2026-01-24 10:32:00,2026-01-25 19:32:00,High,Billing,Chat,Team B,Resolved,1,3,Campaign delivery problem needs technical validation.
TKT-0341,2026-03-20 19:07:00,2026-03-22 07:07:00,Low,Policy Question,Email,Team A,Resolved,0,5,Policy related question needs accurate guidance from knowledge base.
TKT-0342,2026-03-19 20:03:00,2026-03-20 07:03:00,High,Login Issue,Phone,Specialist Team,Resolved,0,4,User cannot access account and has contacted support multiple times.
TKT-0343,2026-03-11 18:52:00,2026-03-13 21:52:00,Low,Payment,Chat,Team C,Resolved,0,4,Policy related question needs accurate guidance from knowledge base.
TKT-0344,2026-02-17 05:33:00,2026-02-19 14:33:00,Low,Ad Review,Web Form,Team C,Resolved,0,4,Customer is waiting for urgent resolution and needs clear next steps.
TKT-0345,2026-02-22 16:19:00,2026-02-25 01:19:00,Low,Technical Bug,Web Form,Team C,Resolved,1,2,Billing issue requires review and possible refund investigation.
TKT-0346,2026-03-21 13:42:00,2026-03-23 04:42:00,Medium,Account Access,Chat,Team C,Resolved,0,3,Customer is waiting for urgent resolution and needs clear next steps.
TKT-0347,2026-02-23 23:00:00,2026-02-25 18:00:00,Medium,Technical Bug,Phone,Team A,Resolved,0,4,User cannot access account and has contacted support multiple times.
TKT-0348,2026-03-19 22:25:00,2026-03-20 11:25:00,Critical,Technical Bug,Chat,Team B,Resolved,1,3,Customer is waiting for urgent resolution and needs clear next steps.
TKT-0349,2026-03-27 04:11:00,2026-03-29 00:11:00,Low,Payment,Chat,Specialist Team,Closed,0,4,Billing issue requires review and possible refund investigation.
TKT-0350,2026-02-06 08:34:00,2026-02-07 21:34:00,High,Login Issue,Chat,Team A,Resolved,0,4,User cannot access account and has contacted support multiple times.
TKT-0351,2026-02-14 07:45:00,,High,Payment,Web Form,Team B,Open,1,4,Campaign delivery problem needs technical validation.
TKT-0352,2026-02-20 10:48:00,,Low,Account Access,Phone,Team B,Open,1,3,User cannot access account and has contacted support multiple times.
TKT-0353,2026-02-09 17:25:00,2026-02-10 21:25:00,Critical,Ad Review,Web Form,Team B,Resolved,1,3,User cannot access account and has contacted support multiple times.
TKT-0354,2026-03-21 14:09:00,2026-03-22 13:09:00,High,Technical Bug,Phone,Specialist Team,Resolved,1,2,User cannot access account and has contacted support multiple times.
TKT-0355,2026-03-31 19:33:00,,Low,Technical Bug,Phone,Team A,Open,0,4,Campaign delivery problem needs technical validation.
TKT-0356,2026-02-18 02:55:00,2026-02-19 04:55:00,Medium,Account Access,Email,Team B,Resolved,0,4,Policy related question needs accurate guidance from knowledge base.
TKT-0357,2026-02-21 12:02:00,,Medium,Billing,Email,Team C,Open,0,4,User cannot access account and has contacted support multiple times.
TKT-0358,2026-02-27 04:22:00,2026-02-28 09:22:00,Medium,Login Issue,Phone,Team C,Resolved,0,4,Policy related question needs accurate guidance from knowledge base.
TKT-0359,2026-03-19 23:06:00,2026-03-21 12:06:00,High,Billing,Chat,Specialist Team,Resolved,1,2,Customer is waiting for urgent resolution and needs clear next steps.
TKT-0360,2026-03-12 19:41:00,2026-03-14 20:41:00,Medium,Technical Bug,Phone,Team A,Closed,0,4,User cannot access account and has contacted support multiple times.
TKT-0361,2026-01-16 16:21:00,2026-01-18 07:21:00,Low,Payment,Web Form,Team C,Resolved,0,5,User cannot access account and has contacted support multiple times.
TKT-0362,2026-01-21 07:09:00,2026-01-23 06:09:00,Medium,Account Access,Email,Team C,Resolved,0,4,Policy related question needs accurate guidance from knowledge base.
TKT-0363,2026-02-14 01:23:00,,Critical,Ad Review,Web Form,Team B,Open,0,4,Customer is waiting for urgent resolution and needs clear next steps.
TKT-0364,2026-01-03 21:06:00,2026-01-04 12:06:00,Critical,Technical Bug,Chat,Team B,Closed,1,3,Customer is waiting for urgent resolution and needs clear next steps.
TKT-0365,2026-03-14 16:25:00,2026-03-15 15:25:00,Medium,Billing,Phone,Team A,Closed,0,5,User cannot access account and has contacted support multiple times.
TKT-0366,2026-02-11 21:38:00,2026-02-12 09:38:00,High,Account Access,Email,Team B,Resolved,0,5,User cannot access account and has contacted support multiple times.
TKT-0367,2026-01-31 03:52:00,2026-01-31 21:52:00,Medium,Billing,Web Form,Team B,Resolved,0,5,Campaign delivery problem needs technical validation.
TKT-0368,2026-01-06 20:05:00,2026-01-08 02:05:00,High,Login Issue,Chat,Team B,Closed,1,3,Billing issue requires review and possible refund investigation.
TKT-0369,2026-01-12 17:00:00,2026-01-14 18:00:00,High,Technical Bug,Email,Specialist Team,Closed,0,3,Customer is waiting for urgent resolution and needs clear next steps.
TKT-0370,2026-02-04 07:55:00,2026-02-05 06:55:00,Medium,Policy Question,Phone,Specialist Team,Closed,0,5,Policy related question needs accurate guidance from knowledge base.
TKT-0371,2026-01-29 00:51:00,2026-01-29 18:51:00,Critical,Payment,Web Form,Team B,Closed,0,3,Campaign delivery problem needs technical validation.
TKT-0372,2026-01-29 10:27:00,,Medium,Payment,Phone,Team A,Pending,0,5,User cannot access account and has contacted support multiple times.
TKT-0373,2026-02-11 07:12:00,,Medium,Account Access,Chat,Specialist Team,Open,0,3,Customer is waiting for urgent resolution and needs clear next steps.
TKT-0374,2026-03-09 05:42:00,,High,Policy Question,Phone,Specialist Team,Open,1,2,Billing issue requires review and possible refund investigation.
TKT-0375,2026-03-15 03:50:00,,Medium,Ad Review,Web Form,Team A,Open,0,4,Policy related question needs accurate guidance from knowledge base.
TKT-0376,2026-02-21 10:29:00,2026-02-23 14:29:00,Low,Account Access,Chat,Team A,Resolved,0,4,Billing issue requires review and possible refund investigation.
TKT-0377,2026-02-27 15:05:00,2026-03-01 03:05:00,Critical,Login Issue,Web Form,Specialist Team,Closed,1,2,Customer is waiting for urgent resolution and needs clear next steps.
TKT-0378,2026-03-06 10:52:00,2026-03-07 11:52:00,High,Technical Bug,Phone,Team C,Resolved,1,2,Campaign delivery problem needs technical validation.
TKT-0379,2026-02-22 23:31:00,2026-02-24 18:31:00,Medium,Account Access,Chat,Team B,Resolved,1,3,Customer is waiting for urgent resolution and needs clear next steps.
TKT-0380,2026-02-12 07:29:00,,Medium,Payment,Phone,Team C,Pending,0,4,Policy related question needs accurate guidance from knowledge base.
TKT-0381,2026-03-06 14:08:00,2026-03-08 08:08:00,Critical,Ad Review,Web Form,Team A,Resolved,1,3,Billing issue requires review and possible refund investigation.
TKT-0382,2026-02-22 10:42:00,2026-02-24 01:42:00,High,Payment,Web Form,Team A,Resolved,1,2,Customer is waiting for urgent resolution and needs clear next steps.
TKT-0383,2026-03-06 16:28:00,,Medium,Account Access,Chat,Specialist Team,Open,0,5,User cannot access account and has contacted support multiple times.
TKT-0384,2026-01-02 12:59:00,2026-01-03 21:59:00,High,Login Issue,Chat,Team A,Resolved,0,3,User cannot access account and has contacted support multiple times.
TKT-0385,2026-02-20 00:49:00,2026-02-22 02:49:00,Medium,Technical Bug,Web Form,Team A,Resolved,0,4,Billing issue requires review and possible refund investigation.
TKT-0386,2026-02-25 15:10:00,2026-02-26 15:10:00,High,Technical Bug,Email,Team C,Resolved,1,3,Policy related question needs accurate guidance from knowledge base.
TKT-0387,2026-01-30 11:43:00,,Medium,Billing,Phone,Specialist Team,Pending,1,3,Campaign delivery problem needs technical validation.
TKT-0388,2026-02-04 00:39:00,2026-02-05 18:39:00,Medium,Technical Bug,Web Form,Team A,Resolved,1,3,Billing issue requires review and possible refund investigation.
TKT-0389,2026-01-20 12:13:00,2026-01-21 00:13:00,Critical,Account Access,Web Form,Specialist Team,Closed,1,3,Billing issue requires review and possible refund investigation.
TKT-0390,2026-03-22 14:42:00,2026-03-24 01:42:00,Medium,Payment,Web Form,Team A,Resolved,0,4,Policy related question needs accurate guidance from knowledge base.
TKT-0391,2026-02-19 13:54:00,2026-02-20 17:54:00,Medium,Ad Review,Web Form,Team A,Resolved,0,4,Billing issue requires review and possible refund investigation.
TKT-0392,2026-03-03 17:16:00,,Critical,Billing,Email,Specialist Team,Open,1,3,Customer is waiting for urgent resolution and needs clear next steps.
TKT-0393,2026-03-11 06:25:00,2026-03-12 15:25:00,High,Policy Question,Phone,Specialist Team,Resolved,1,3,User cannot access account and has contacted support multiple times.
TKT-0394,2026-03-31 06:26:00,2026-04-02 05:26:00,Medium,Ad Review,Chat,Team B,Closed,0,4,Policy related question needs accurate guidance from knowledge base.
TKT-0395,2026-01-01 20:54:00,2026-01-03 03:54:00,Medium,Login Issue,Web Form,Specialist Team,Resolved,1,2,User cannot access account and has contacted support multiple times.
TKT-0396,2026-01-27 03:14:00,,Medium,Policy Question,Chat,Team A,Open,0,3,Campaign delivery problem needs technical validation.
TKT-0397,2026-02-19 09:08:00,2026-02-20 07:08:00,Medium,Payment,Web Form,Team C,Closed,0,4,Policy related question needs accurate guidance from knowledge base.
TKT-0398,2026-02-16 22:38:00,2026-02-19 03:38:00,Low,Login Issue,Phone,Team A,Closed,0,4,Billing issue requires review and possible refund investigation.
TKT-0399,2026-01-05 07:44:00,2026-01-06 01:44:00,Medium,Billing,Phone,Team B,Resolved,0,5,Campaign delivery problem needs technical validation.
TKT-0400,2026-02-17 06:32:00,2026-02-20 06:32:00,Low,Technical Bug,Email,Team A,Closed,1,3,Billing issue requires review and possible refund investigation.
TKT-0401,2026-02-28 09:21:00,2026-03-01 21:21:00,Medium,Login Issue,Chat,Team B,Closed,0,3,Customer is waiting for urgent resolution and needs clear next steps.
TKT-0402,2026-02-08 09:49:00,2026-02-10 14:49:00,Low,Policy Question,Phone,Specialist Team,Resolved,0,3,Customer is waiting for urgent resolution and needs clear next steps.
TKT-0403,2026-01-20 12:25:00,2026-01-21 09:25:00,Medium,Account Access,Web Form,Team B,Closed,0,4,Billing issue requires review and possible refund investigation.
TKT-0404,2026-02-13 07:04:00,,Medium,Account Access,Chat,Specialist Team,Pending,0,3,Campaign delivery problem needs technical validation.
TKT-0405,2026-02-02 21:21:00,2026-02-04 09:21:00,Medium,Billing,Web Form,Team B,Closed,1,2,Customer is waiting for urgent resolution and needs clear next steps.
TKT-0406,2026-03-17 04:49:00,2026-03-18 22:49:00,Low,Payment,Chat,Team C,Resolved,0,4,Billing issue requires review and possible refund investigation.
TKT-0407,2026-01-05 05:58:00,2026-01-06 11:58:00,High,Account Access,Email,Team A,Resolved,1,2,Policy related question needs accurate guidance from knowledge base.
TKT-0408,2026-02-15 08:35:00,2026-02-16 21:35:00,Medium,Login Issue,Phone,Team C,Resolved,0,3,Billing issue requires review and possible refund investigation.
TKT-0409,2026-03-14 04:57:00,2026-03-16 07:57:00,Low,Payment,Web Form,Team A,Resolved,1,3,Campaign delivery problem needs technical validation.
TKT-0410,2026-01-15 10:58:00,2026-01-16 18:58:00,Medium,Ad Review,Web Form,Team B,Resolved,1,3,User cannot access account and has contacted support multiple times.
TKT-0411,2026-03-02 17:16:00,2026-03-04 11:16:00,Medium,Login Issue,Phone,Specialist Team,Resolved,0,4,User cannot access account and has contacted support multiple times.
TKT-0412,2026-01-24 22:00:00,2026-01-26 04:00:00,Low,Payment,Web Form,Team A,Closed,0,5,Campaign delivery problem needs technical validation.
TKT-0413,2026-01-08 17:13:00,2026-01-09 22:13:00,High,Account Access,Email,Team C,Resolved,0,3,User cannot access account and has contacted support multiple times.
TKT-0414,2026-01-02 14:15:00,2026-01-04 10:15:00,Low,Ad Review,Web Form,Team A,Resolved,0,5,User cannot access account and has contacted support multiple times.
TKT-0415,2026-03-17 10:29:00,2026-03-19 16:29:00,Medium,Payment,Web Form,Team A,Closed,1,3,User cannot access account and has contacted support multiple times.
TKT-0416,2026-03-10 15:41:00,2026-03-12 15:41:00,Medium,Payment,Chat,Specialist Team,Resolved,1,3,Policy related question needs accurate guidance from knowledge base.
TKT-0417,2026-03-07 11:04:00,2026-03-09 06:04:00,Medium,Policy Question,Chat,Team A,Resolved,0,4,Customer is waiting for urgent resolution and needs clear next steps.
TKT-0418,2026-02-11 17:06:00,2026-02-13 06:06:00,High,Login Issue,Email,Team A,Resolved,1,3,Customer is waiting for urgent resolution and needs clear next steps.
TKT-0419,2026-03-12 22:16:00,2026-03-14 18:16:00,Low,Technical Bug,Email,Specialist Team,Closed,0,4,Customer is waiting for urgent resolution and needs clear next steps.
TKT-0420,2026-02-02 05:09:00,2026-02-03 21:09:00,High,Login Issue,Phone,Team A,Closed,0,4,Customer is waiting for urgent resolution and needs clear next steps.
TKT-0421,2026-01-06 09:35:00,2026-01-08 13:35:00,Medium,Billing,Email,Team A,Resolved,0,3,Customer is waiting for urgent resolution and needs clear next steps.
TKT-0422,2026-02-05 22:01:00,2026-02-07 11:01:00,Low,Account Access,Web Form,Team B,Closed,0,4,User cannot access account and has contacted support multiple times.
TKT-0423,2026-03-15 13:07:00,2026-03-16 12:07:00,Medium,Billing,Phone,Team A,Closed,0,5,Customer is waiting for urgent resolution and needs clear next steps.
TKT-0424,2026-03-05 01:17:00,2026-03-07 02:17:00,Medium,Policy Question,Phone,Team B,Resolved,0,4,Customer is waiting for urgent resolution and needs clear next steps.
TKT-0425,2026-01-14 18:04:00,,Low,Payment,Chat,Specialist Team,Pending,0,3,User cannot access account and has contacted support multiple times.
TKT-0426,2026-01-14 22:58:00,2026-01-17 07:58:00,Low,Billing,Email,Team B,Closed,1,2,Billing issue requires review and possible refund investigation.
TKT-0427,2026-03-17 17:16:00,2026-03-18 10:16:00,High,Ad Review,Phone,Team C,Resolved,1,3,User cannot access account and has contacted support multiple times.
TKT-0428,2026-03-23 02:48:00,2026-03-24 11:48:00,Medium,Policy Question,Phone,Team C,Resolved,0,4,User cannot access account and has contacted support multiple times.
TKT-0429,2026-03-03 05:58:00,2026-03-03 18:58:00,High,Billing,Chat,Team C,Resolved,1,3,Campaign delivery problem needs technical validation.
TKT-0430,2026-02-27 20:23:00,2026-03-01 15:23:00,Low,Billing,Web Form,Team B,Resolved,0,4,Policy related question needs accurate guidance from knowledge base.
TKT-0431,2026-02-12 03:58:00,2026-02-13 10:58:00,Medium,Account Access,Email,Team B,Resolved,0,4,Billing issue requires review and possible refund investigation.
TKT-0432,2026-03-15 22:45:00,2026-03-17 22:45:00,Low,Login Issue,Web Form,Team B,Closed,0,5,Billing issue requires review and possible refund investigation.
TKT-0433,2026-02-14 05:01:00,2026-02-15 20:01:00,Low,Policy Question,Chat,Team C,Closed,0,4,Customer is waiting for urgent resolution and needs clear next steps.
TKT-0434,2026-03-09 02:19:00,2026-03-10 12:19:00,Low,Payment,Email,Team A,Resolved,0,5,Policy related question needs accurate guidance from knowledge base.
TKT-0435,2026-01-20 14:46:00,,Medium,Account Access,Phone,Specialist Team,Open,1,3,Campaign delivery problem needs technical validation.
TKT-0436,2026-01-30 21:28:00,2026-01-31 19:28:00,Critical,Billing,Web Form,Team C,Closed,1,3,Customer is waiting for urgent resolution and needs clear next steps.
TKT-0437,2026-02-05 23:51:00,2026-02-07 13:51:00,Medium,Ad Review,Phone,Team A,Resolved,1,2,Policy related question needs accurate guidance from knowledge base.
TKT-0438,2026-02-23 13:42:00,2026-02-25 01:42:00,Low,Billing,Chat,Specialist Team,Closed,0,5,Campaign delivery problem needs technical validation.
TKT-0439,2026-02-13 16:41:00,2026-02-15 02:41:00,Low,Account Access,Chat,Team A,Resolved,0,5,User cannot access account and has contacted support multiple times.
TKT-0440,2026-03-02 23:23:00,2026-03-04 09:23:00,Medium,Login Issue,Chat,Team C,Resolved,1,2,Customer is waiting for urgent resolution and needs clear next steps.
TKT-0441,2026-02-12 17:58:00,2026-02-13 23:58:00,High,Ad Review,Web Form,Team A,Resolved,0,4,User cannot access account and has contacted support multiple times.
TKT-0442,2026-03-22 20:16:00,2026-03-24 03:16:00,High,Billing,Email,Specialist Team,Resolved,1,3,Campaign delivery problem needs technical validation.
TKT-0443,2026-01-21 02:07:00,2026-01-22 21:07:00,Medium,Payment,Web Form,Team A,Resolved,0,4,User cannot access account and has contacted support multiple times.
TKT-0444,2026-03-15 00:28:00,2026-03-17 05:28:00,Low,Login Issue,Email,Team C,Resolved,1,3,Policy related question needs accurate guidance from knowledge base.
TKT-0445,2026-01-11 02:04:00,2026-01-12 11:04:00,Medium,Technical Bug,Chat,Specialist Team,Resolved,0,4,User cannot access account and has contacted support multiple times.
TKT-0446,2026-03-31 08:10:00,2026-04-01 15:10:00,Medium,Ad Review,Chat,Team A,Resolved,0,4,User cannot access account and has contacted support multiple times.
TKT-0447,2026-01-14 00:51:00,2026-01-15 19:51:00,Medium,Ad Review,Email,Team B,Closed,0,4,Campaign delivery problem needs technical validation.
TKT-0448,2026-03-24 12:16:00,2026-03-25 20:16:00,Low,Billing,Email,Specialist Team,Resolved,0,5,Campaign delivery problem needs technical validation.
TKT-0449,2026-01-25 02:41:00,2026-01-27 03:41:00,Medium,Technical Bug,Phone,Team A,Closed,0,3,User cannot access account and has contacted support multiple times.
TKT-0450,2026-01-04 00:38:00,,Medium,Payment,Email,Specialist Team,Open,1,3,User cannot access account and has contacted support multiple times.
TKT-0451,2026-02-22 07:47:00,2026-02-23 02:47:00,Medium,Login Issue,Email,Specialist Team,Closed,0,5,Billing issue requires review and possible refund investigation.
TKT-0452,2026-03-24 23:14:00,2026-03-27 02:14:00,Low,Ad Review,Web Form,Team B,Resolved,0,4,Campaign delivery problem needs technical validation.
TKT-0453,2026-02-16 13:14:00,2026-02-17 17:14:00,Critical,Policy Question,Phone,Team A,Resolved,1,2,Customer is waiting for urgent resolution and needs clear next steps.
TKT-0454,2026-03-06 03:49:00,2026-03-08 01:49:00,Low,Policy Question,Email,Team B,Resolved,0,5,Policy related question needs accurate guidance from knowledge base.
TKT-0455,2026-03-08 07:08:00,2026-03-10 15:08:00,Low,Account Access,Email,Team C,Resolved,1,2,User cannot access account and has contacted support multiple times.
TKT-0456,2026-02-25 03:56:00,2026-02-25 21:56:00,High,Login Issue,Chat,Specialist Team,Resolved,0,4,Policy related question needs accurate guidance from knowledge base.
TKT-0457,2026-02-08 09:55:00,2026-02-09 21:55:00,Low,Payment,Phone,Specialist Team,Resolved,0,5,Customer is waiting for urgent resolution and needs clear next steps.
TKT-0458,2026-02-19 18:04:00,2026-02-21 04:04:00,Low,Login Issue,Chat,Specialist Team,Resolved,0,5,Policy related question needs accurate guidance from knowledge base.
TKT-0459,2026-01-21 05:28:00,2026-01-23 14:28:00,Low,Payment,Phone,Team B,Resolved,0,3,Campaign delivery problem needs technical validation.
TKT-0460,2026-02-01 07:55:00,,Medium,Ad Review,Chat,Specialist Team,Pending,1,3,Customer is waiting for urgent resolution and needs clear next steps.
TKT-0461,2026-03-22 20:13:00,2026-03-24 20:13:00,Medium,Policy Question,Email,Specialist Team,Resolved,0,3,User cannot access account and has contacted support multiple times.
TKT-0462,2026-03-21 18:20:00,2026-03-22 15:20:00,High,Login Issue,Web Form,Team A,Resolved,1,3,User cannot access account and has contacted support multiple times.
TKT-0463,2026-03-05 14:47:00,,High,Technical Bug,Web Form,Team C,Pending,0,4,Customer is waiting for urgent resolution and needs clear next steps.
TKT-0464,2026-03-29 08:08:00,2026-03-30 22:08:00,High,Account Access,Web Form,Team A,Resolved,0,4,Billing issue requires review and possible refund investigation.
TKT-0465,2026-03-16 22:20:00,2026-03-19 13:20:00,Low,Technical Bug,Email,Team B,Resolved,0,4,Policy related question needs accurate guidance from knowledge base.
TKT-0466,2026-02-05 03:40:00,2026-02-07 04:40:00,Low,Account Access,Chat,Team C,Resolved,1,3,Policy related question needs accurate guidance from knowledge base.
TKT-0467,2026-03-19 23:54:00,2026-03-20 17:54:00,Medium,Policy Question,Email,Team B,Resolved,0,5,Policy related question needs accurate guidance from knowledge base.
TKT-0468,2026-02-16 19:01:00,2026-02-18 16:01:00,Low,Billing,Chat,Team A,Resolved,0,5,User cannot access account and has contacted support multiple times.
TKT-0469,2026-02-15 13:57:00,2026-02-16 04:57:00,High,Login Issue,Email,Team A,Resolved,1,3,User cannot access account and has contacted support multiple times.
TKT-0470,2026-03-22 12:21:00,2026-03-25 04:21:00,Low,Ad Review,Phone,Team C,Closed,0,4,Customer is waiting for urgent resolution and needs clear next steps.
TKT-0471,2026-01-15 15:16:00,2026-01-17 13:16:00,Low,Billing,Email,Team A,Resolved,0,4,Billing issue requires review and possible refund investigation.
TKT-0472,2026-02-28 15:32:00,2026-03-02 12:32:00,Medium,Login Issue,Email,Team B,Resolved,0,4,Billing issue requires review and possible refund investigation.
TKT-0473,2026-01-13 15:51:00,2026-01-15 13:51:00,Medium,Billing,Chat,Team B,Closed,0,4,Policy related question needs accurate guidance from knowledge base.
TKT-0474,2026-01-17 06:52:00,2026-01-18 00:52:00,Medium,Account Access,Web Form,Team B,Resolved,0,4,User cannot access account and has contacted support multiple times.
TKT-0475,2026-01-19 17:53:00,2026-01-21 20:53:00,Medium,Login Issue,Phone,Specialist Team,Resolved,0,4,User cannot access account and has contacted support multiple times.
TKT-0476,2026-01-05 08:14:00,2026-01-06 13:14:00,Medium,Login Issue,Web Form,Team B,Resolved,1,2,Billing issue requires review and possible refund investigation.
TKT-0477,2026-01-23 17:10:00,2026-01-26 08:10:00,Low,Technical Bug,Phone,Team C,Resolved,0,4,Policy related question needs accurate guidance from knowledge base.
TKT-0478,2026-02-24 04:05:00,,Low,Ad Review,Chat,Team B,Open,0,4,Customer is waiting for urgent resolution and needs clear next steps.
TKT-0479,2026-02-04 01:20:00,2026-02-06 16:20:00,Low,Account Access,Phone,Specialist Team,Resolved,1,2,Customer is waiting for urgent resolution and needs clear next steps.
TKT-0480,2026-03-08 09:27:00,,Medium,Ad Review,Chat,Specialist Team,Open,0,4,Billing issue requires review and possible refund investigation.
TKT-0481,2026-03-18 14:49:00,2026-03-20 05:49:00,Critical,Ad Review,Email,Team A,Resolved,1,2,User cannot access account and has contacted support multiple times.
TKT-0482,2026-01-12 02:29:00,2026-01-13 17:29:00,Medium,Billing,Phone,Team A,Resolved,1,3,Customer is waiting for urgent resolution and needs clear next steps.
TKT-0483,2026-01-10 01:02:00,2026-01-11 11:02:00,Low,Policy Question,Chat,Team A,Resolved,0,4,Policy related question needs accurate guidance from knowledge base.
TKT-0484,2026-03-11 16:10:00,2026-03-14 05:10:00,Low,Technical Bug,Web Form,Team C,Resolved,1,2,Customer is waiting for urgent resolution and needs clear next steps.
TKT-0485,2026-01-16 23:16:00,,Critical,Payment,Web Form,Specialist Team,Pending,1,3,Campaign delivery problem needs technical validation.
TKT-0486,2026-02-04 18:46:00,,High,Payment,Chat,Specialist Team,Open,1,3,Customer is waiting for urgent resolution and needs clear next steps.
TKT-0487,2026-02-13 21:32:00,2026-02-15 11:32:00,Medium,Payment,Chat,Team C,Resolved,0,4,User cannot access account and has contacted support multiple times.
TKT-0488,2026-03-13 17:03:00,2026-03-14 01:03:00,High,Policy Question,Chat,Team C,Closed,1,4,Customer is waiting for urgent resolution and needs clear next steps.
TKT-0489,2026-02-26 03:14:00,2026-02-27 06:14:00,High,Policy Question,Phone,Team C,Resolved,1,3,Billing issue requires review and possible refund investigation.
TKT-0490,2026-01-20 03:14:00,,Low,Payment,Web Form,Team B,Pending,0,4,User cannot access account and has contacted support multiple times.
TKT-0491,2026-01-27 00:52:00,2026-01-28 21:52:00,Medium,Account Access,Phone,Specialist Team,Closed,1,2,Billing issue requires review and possible refund investigation.
TKT-0492,2026-01-10 16:22:00,2026-01-12 10:22:00,High,Login Issue,Phone,Team B,Closed,1,2,Campaign delivery problem needs technical validation.
TKT-0493,2026-02-28 05:30:00,2026-03-01 12:30:00,High,Policy Question,Chat,Team C,Resolved,1,3,Customer is waiting for urgent resolution and needs clear next steps.
TKT-0494,2026-01-05 16:14:00,2026-01-06 13:14:00,Medium,Account Access,Email,Specialist Team,Resolved,0,5,Campaign delivery problem needs technical validation.
TKT-0495,2026-02-23 10:51:00,,Medium,Technical Bug,Phone,Specialist Team,Open,0,4,Billing issue requires review and possible refund investigation.
TKT-0496,2026-01-19 09:38:00,2026-01-21 07:38:00,Medium,Policy Question,Email,Specialist Team,Resolved,0,3,User cannot access account and has contacted support multiple times.
TKT-0497,2026-02-05 19:13:00,2026-02-08 02:13:00,Medium,Ad Review,Email,Team A,Resolved,0,3,User cannot access account and has contacted support multiple times.
TKT-0498,2026-03-15 14:05:00,2026-03-17 18:05:00,Low,Ad Review,Phone,Team A,Closed,0,4,User cannot access account and has contacted support multiple times.
TKT-0499,2026-03-04 22:56:00,2026-03-06 00:56:00,Critical,Payment,Web Form,Team B,Resolved,1,3,User cannot access account and has contacted support multiple times.
TKT-0500,2026-02-26 04:19:00,2026-02-27 16:19:00,Critical,Account Access,Chat,Specialist Team,Closed,1,3,Policy related question needs accurate guidance from knowledge base.
